,var,x-value,ale,sp
1,lat,32.672858,0.138663636,glandon
2,lat,37.019733,0.138663636,glandon
3,lat,37.848325,0.139141366,glandon
4,lat,37.973647,0.130224441,glandon
5,lat,38.875823,0.13353532,glandon
6,lat,38.960104,0.139479467,glandon
7,lat,39.361655,0.110729256,glandon
8,lat,39.432627,0.045307786,glandon
9,lat,39.663598,0.040247013,glandon
10,lat,40.027102,0.008867473,glandon
11,lat,41.32386,-0.028456936,glandon
12,lat,43.282711,-0.036452149,glandon
13,lat,48.9188,-0.082296942,glandon
14,lat,50.2,-0.172841608,glandon
15,lat,51.433333,-0.160509442,glandon
16,lat,51.463736,-0.214153003,glandon
17,lat,53.23,-0.214578957,glandon
18,lat,55.317152,-0.214732104,glandon
19,lat,58.865008,-0.214732104,glandon
20,lon,-131.1084,0.244028488,glandon
21,lon,-122.10639,0.244028488,glandon
22,lon,-119.55698,0.242305765,glandon
23,lon,-119.27498,0.237129776,glandon
24,lon,-116.18333,0.240375118,glandon
25,lon,-114.51667,0.189588646,glandon
26,lon,-110.5313,0.178497835,glandon
27,lon,-108.14287,0.098642205,glandon
28,lon,-106.56392,0.111290035,glandon
29,lon,-106.32613,0.146136194,glandon
30,lon,-106.18669,0.141256579,glandon
31,lon,-106.06252,0.175704152,glandon
32,lon,-105.87918,0.156109705,glandon
33,lon,-105.73584,0.08885826,glandon
34,lon,-105.55615,0.086455339,glandon
35,lon,-105.49278,-0.007080081,glandon
36,lon,-101.03333,-0.793719245,glandon
37,lon,-63.35266,-0.919689568,glandon
38,lon,-57.067094,-0.919869905,glandon
39,lon,-56.3611,-0.919869905,glandon
40,Temp,-5.1,-0.027973575,glandon
41,Temp,-3,-0.027973575,glandon
42,Temp,-1.8,-0.027778438,glandon
43,Temp,-1.7,-0.008069042,glandon
44,Temp,-1.5,-0.008651391,glandon
45,Temp,-1.3,0.045499795,glandon
46,Temp,-0.3,0.030341176,glandon
47,Temp,0.3,0.011822224,glandon
48,Temp,0.5,0.011059659,glandon
49,Temp,0.7,0.011406912,glandon
50,Temp,1.4,-0.017490956,glandon
51,Temp,1.5,-0.013052345,glandon
52,Temp,1.9,-0.016256146,glandon
53,Temp,2.8,-0.015503995,glandon
54,Temp,3.3,-0.034981803,glandon
55,Temp,3.8,-0.013200077,glandon
56,Temp,4.2,-0.000133527,glandon
57,Temp,15,0.041846141,glandon
58,Temp,16.9,0.041846141,glandon
59,Prec,257,0.11808218,glandon
60,Prec,356,0.11808218,glandon
61,Prec,429,0.103284133,glandon
62,Prec,449,0.107778418,glandon
63,Prec,464,0.107599987,glandon
64,Prec,480,0.064845862,glandon
65,Prec,507,0.05784722,glandon
66,Prec,538,0.057968741,glandon
67,Prec,568,0.065458064,glandon
68,Prec,593,0.064667029,glandon
69,Prec,614,0.096209392,glandon
70,Prec,637,0.089545803,glandon
71,Prec,654,-0.061223987,glandon
72,Prec,731,-0.079091125,glandon
73,Prec,755,-0.150402327,glandon
74,Prec,783,-0.168157955,glandon
75,Prec,810,-0.165795839,glandon
76,Prec,1091,-0.168991674,glandon
77,Prec,1160,-0.17121571,glandon
78,Prec,1447,-0.17121571,glandon
79,elevation,14,-0.282021058,glandon
80,elevation,152,-0.282021058,glandon
81,elevation,185,-0.280528302,glandon
82,elevation,451,-0.279179192,glandon
83,elevation,645,-0.071728351,glandon
84,elevation,1050,0.014345456,glandon
85,elevation,1239,0.020196425,glandon
86,elevation,1779,0.045977711,glandon
87,elevation,1948,0.028338973,glandon
88,elevation,2305,0.017436796,glandon
89,elevation,2368,0.038890351,glandon
90,elevation,2620,0.118006775,glandon
91,elevation,2685,0.114096942,glandon
92,elevation,2808,0.110284694,glandon
93,elevation,3048,0.116945789,glandon
94,elevation,3070,0.099067993,glandon
95,elevation,3247,0.096875449,glandon
96,elevation,3483,0.098384838,glandon
97,elevation,3563,0.099694626,glandon
98,elevation,3655,0.079930451,glandon
99,elevation,4402,0.079930451,glandon
1,lat,29.47461,0.024722177,mormo
2,lat,32.81213,0.02431258,mormo
3,lat,33.9533,-0.069879219,mormo
4,lat,34.05223,-0.101629113,mormo
5,lat,34.18727,0.022585834,mormo
6,lat,34.32726,0.029579502,mormo
7,lat,34.37049,0.005060666,mormo
8,lat,34.77897,-0.0606492,mormo
9,lat,34.86601,-0.060405608,mormo
10,lat,34.95921,-0.060072208,mormo
11,lat,35.31023,-0.093605458,mormo
12,lat,36.67359,0.073654931,mormo
13,lat,37.23248,0.061165902,mormo
14,lat,37.983,0.006171433,mormo
15,lat,38.77191,0.05652225,mormo
16,lat,39.61007,0.155952629,mormo
17,lat,46.618,0.156780326,mormo
18,lon,-122.05928,-0.435729658,mormo
19,lon,-121.79274,-0.477623655,mormo
20,lon,-120.43576,-0.505443051,mormo
21,lon,-119.85625,-0.459435934,mormo
22,lon,-119.13906,-0.46021565,mormo
23,lon,-118.6909,-0.463416905,mormo
24,lon,-118.34806,-0.484654505,mormo
25,lon,-118.24366,-0.586555246,mormo
26,lon,-118.23039,-0.578232305,mormo
27,lon,-117.42838,-0.435194579,mormo
28,lon,-116.647,-0.216047379,mormo
29,lon,-116.41939,-0.21982986,mormo
30,lon,-114.06774,1.242833627,mormo
31,lon,-111.64258,1.251775522,mormo
32,lon,-111.51849,1.249018765,mormo
33,lon,-111.5166,1.298523448,mormo
34,lon,-109.7513,1.306652567,mormo
35,lon,-102.84935,1.306652567,mormo
36,Temp,-2.2,-0.097518929,mormo
37,Temp,6.5,-0.097518929,mormo
38,Temp,8,-0.093702118,mormo
39,Temp,8.6,-0.094313271,mormo
40,Temp,9.1,0.4750435,mormo
41,Temp,13.3,0.503291044,mormo
42,Temp,13.5,0.502494952,mormo
43,Temp,13.9,-0.037778425,mormo
44,Temp,14,-0.039611362,mormo
45,Temp,15.3,-0.015435299,mormo
46,Temp,15.4,0.013831925,mormo
47,Temp,15.6,0.004343197,mormo
48,Temp,16.5,-0.013782069,mormo
49,Temp,17.9,-0.099082772,mormo
50,Temp,18.3,-0.168219725,mormo
51,Temp,19.1,-0.156934853,mormo
52,Temp,21.2,-0.054824187,mormo
53,Prec,105,0.099474703,mormo
54,Prec,231,0.172634752,mormo
55,Prec,250,0.164711289,mormo
56,Prec,264,0.164676552,mormo
57,Prec,307,0.134534591,mormo
58,Prec,347,0.093912422,mormo
59,Prec,361,0.070243996,mormo
60,Prec,370,0.016638159,mormo
61,Prec,399,-0.065868207,mormo
62,Prec,467,-0.10538722,mormo
63,Prec,556,-0.192948112,mormo
64,Prec,591,-0.087169698,mormo
65,Prec,597,-0.082141066,mormo
66,Prec,620,-0.275042992,mormo
67,Prec,651,-0.295138949,mormo
68,Prec,1191,-0.295138949,mormo
69,elevation,8,-0.054454276,mormo
70,elevation,16,-0.059355878,mormo
71,elevation,35,-0.165421513,mormo
72,elevation,41,-0.169248433,mormo
73,elevation,96,-0.189782697,mormo
74,elevation,172,-0.068668172,mormo
75,elevation,365,-0.099743594,mormo
76,elevation,423,0.264188706,mormo
77,elevation,560,0.227307992,mormo
78,elevation,793,0.220070147,mormo
79,elevation,1049,0.242786161,mormo
80,elevation,1162,0.256040115,mormo
81,elevation,1575,0.160935431,mormo
82,elevation,1649,0.045562214,mormo
83,elevation,1753,-0.127389362,mormo
84,elevation,2048,-0.214138114,mormo
85,elevation,2350,-0.208239477,mormo
86,elevation,3981,-0.208239477,mormo
1,lat,29.69763,0.618711747,gryneus
2,lat,30.33469,0.618711747,gryneus
3,lat,32.82923,0.490724755,gryneus
4,lat,34.95921,0.345504456,gryneus
5,lat,37.78251,0.287807323,gryneus
6,lat,39.66151,0.284195353,gryneus
7,lat,40.33009,0.317341002,gryneus
8,lat,40.98287,0.317079203,gryneus
9,lat,41.54454,0.284908748,gryneus
10,lat,41.67345,0.282416626,gryneus
11,lat,42.26399,-0.481029338,gryneus
12,lat,42.28028,-0.480121254,gryneus
13,lat,42.32694,-0.555439693,gryneus
14,lat,42.37649,-0.557630841,gryneus
15,lat,43.48201,-0.543638571,gryneus
16,lon,-117.54958,0.127983149,gryneus
17,lon,-110.29188,0.127983149,gryneus
18,lon,-101.36322,0.128893385,gryneus
19,lon,-97.78195,0.138952976,gryneus
20,lon,-79.44388,0.129240993,gryneus
21,lon,-74.96045,0.130777353,gryneus
22,lon,-74.52182,-0.051924457,gryneus
23,lon,-74.31182,-0.061471278,gryneus
24,lon,-73.65623,-0.060524299,gryneus
25,lon,-73.209,-0.036657454,gryneus
26,lon,-71.30964,-0.054307459,gryneus
27,lon,-71.27066,-0.041112466,gryneus
28,lon,-71.23561,-0.052120982,gryneus
29,lon,-71.12033,-0.066409152,gryneus
30,lon,-71.02172,-0.066026874,gryneus
31,lon,-70.36676,-0.066026874,gryneus
32,Temp,7.6,0.009107641,gryneus
33,Temp,9.2,0.00538145,gryneus
34,Temp,9.3,0.007937541,gryneus
35,Temp,9.5,0.002034775,gryneus
36,Temp,9.7,0.011216223,gryneus
37,Temp,9.9,0.007726702,gryneus
38,Temp,10.6,0.046832012,gryneus
39,Temp,11.9,-0.029941057,gryneus
40,Temp,12.4,-0.030535806,gryneus
41,Temp,14,-0.093029475,gryneus
42,Temp,17.2,-0.036817479,gryneus
43,Temp,19.7,0.027611418,gryneus
44,Temp,20.1,0.027611418,gryneus
45,Prec,105,-0.143639093,gryneus
46,Prec,361,-0.143639093,gryneus
47,Prec,531,-0.042315065,gryneus
48,Prec,828,-0.024899658,gryneus
49,Prec,982,-0.024838836,gryneus
50,Prec,1006,-0.023718879,gryneus
51,Prec,1110,-0.028604526,gryneus
52,Prec,1119,-0.017497003,gryneus
53,Prec,1133,-0.026936741,gryneus
54,Prec,1143,-0.027106824,gryneus
55,Prec,1145,0.059755483,gryneus
56,Prec,1146,0.080036511,gryneus
57,Prec,1152,0.082821452,gryneus
58,Prec,1171,0.092927188,gryneus
59,Prec,1203,0.071631119,gryneus
60,Prec,1206,0.066512636,gryneus
61,elevation,13,-0.200325354,gryneus
62,elevation,18,-0.199545796,gryneus
63,elevation,22,-0.198411433,gryneus
64,elevation,23,-0.092056352,gryneus
65,elevation,32,-0.079584682,gryneus
66,elevation,57,0.101316544,gryneus
67,elevation,65,0.082876536,gryneus
68,elevation,84,0.065189535,gryneus
69,elevation,100,0.058382786,gryneus
70,elevation,105,0.061427889,gryneus
71,elevation,153,0.035833709,gryneus
72,elevation,323,0.066854593,gryneus
73,elevation,793,0.056274006,gryneus
74,elevation,1086,0.042117379,gryneus
75,elevation,2489,0.042117379,gryneus
1,lat,30.41798,0.622112403,irus
2,lat,38.51735,0.621715707,irus
3,lat,40.01285,0.470000183,irus
4,lat,40.66871,0.327718776,irus
5,lat,40.75399,-0.024817344,irus
6,lat,41.53636,-0.024529982,irus
7,lat,41.54454,-0.016438134,irus
8,lat,41.66121,-0.144445921,irus
9,lat,41.90732,-0.25403933,irus
10,lat,42.24593,-0.224751774,irus
11,lat,42.34261,-0.208154563,irus
12,lat,42.37649,-0.176913632,irus
13,lat,42.71786,-0.203711584,irus
14,lat,42.72341,-0.183371841,irus
15,lat,43.20814,-0.166060145,irus
16,lat,43.23366,-0.163402918,irus
17,lat,43.48201,-0.163379893,irus
18,lon,-98.34475,0.081757071,irus
19,lon,-76.92246,0.077082551,irus
20,lon,-75.63195,0.047302972,irus
21,lon,-74.31692,0.027666916,irus
22,lon,-73.85734,-0.036065734,irus
23,lon,-73.83346,-0.050136501,irus
24,lon,-73.39979,-0.060450879,irus
25,lon,-73.209,-0.045758497,irus
26,lon,-72.77954,-0.088191408,irus
27,lon,-71.53757,-0.080355502,irus
28,lon,-71.30964,-0.092688367,irus
29,lon,-71.28283,0.07904479,irus
30,lon,-71.23561,0.12017322,irus
31,lon,-70.06898,0.12017322,irus
32,Temp,7.1,0.078312356,irus
33,Temp,7.5,0.071468367,irus
34,Temp,7.6,0.07015268,irus
35,Temp,8.4,0.022502704,irus
36,Temp,9.2,0.021146516,irus
37,Temp,9.3,0.000151965,irus
38,Temp,9.5,-0.045392828,irus
39,Temp,9.7,-0.050083847,irus
40,Temp,10.5,-0.218700355,irus
41,Temp,11.6,-0.003899276,irus
42,Temp,12.5,0.031152098,irus
43,Temp,19.8,0.03238007,irus
44,Prec,788,-0.101301359,irus
45,Prec,955,-0.101301359,irus
46,Prec,1004,-0.018080716,irus
47,Prec,1026,0.033692101,irus
48,Prec,1111,0.051513201,irus
49,Prec,1121,0.051209073,irus
50,Prec,1127,0.077983225,irus
51,Prec,1146,0.010770177,irus
52,Prec,1148,0.013657902,irus
53,Prec,1178,-0.008179295,irus
54,Prec,1196,-0.006761824,irus
55,Prec,1206,0.168575902,irus
56,Prec,1603,0.168575902,irus
57,elevation,7,-0.014178241,irus
58,elevation,14,-0.014178241,irus
59,elevation,21,-0.014038089,irus
60,elevation,22,-0.014038089,irus
61,elevation,29,-0.093294963,irus
62,elevation,50,-0.114261746,irus
63,elevation,56,-0.032201919,irus
64,elevation,78,0.015192255,irus
65,elevation,84,0.015650901,irus
66,elevation,87,0.008269536,irus
67,elevation,93,-0.015813973,irus
68,elevation,94,-0.013818411,irus
69,elevation,98,-0.000147419,irus
70,elevation,100,0.055903935,irus
71,elevation,140,0.085285693,irus
72,elevation,510,0.078664071,irus
73,elevation,869,0.078664071,irus
1,lat,30.9050079,0.50729762,niphon
2,lat,37.15652,0.50729762,niphon
3,lat,39.661507,0.377058962,niphon
4,lat,40.74521,0.325611777,niphon
5,lat,40.865654,0.25844965,niphon
6,lat,40.917044,0.264163729,niphon
7,lat,41.704423,0.050540551,niphon
8,lat,42.141765,-0.014605394,niphon
9,lat,42.213987,-0.023344576,niphon
10,lat,42.263988,-0.342355296,niphon
11,lat,42.296486,-0.356050581,niphon
12,lat,42.358137,-0.408767353,niphon
13,lat,42.362595,-0.421486629,niphon
14,lat,42.376485,-0.445967068,niphon
15,lat,42.662621,-0.375759861,niphon
16,lat,44.598665,-0.359586669,niphon
17,lat,45.185336,-0.363041042,niphon
18,lat,50.7,-0.363041042,niphon
19,lon,-96.55,0.149328929,niphon
20,lon,-80.318935,0.149328929,niphon
21,lon,-76.06093,0.120442944,niphon
22,lon,-74.316922,0.06108136,niphon
23,lon,-73.532068,0.051199774,niphon
24,lon,-73.399794,0.080725261,niphon
25,lon,-72.66204,0.089676444,niphon
26,lon,-71.511195,-0.000874573,niphon
27,lon,-71.369781,-0.115980791,niphon
28,lon,-71.309636,-0.114741111,niphon
29,lon,-71.303947,-0.101801976,niphon
30,lon,-71.249498,-0.093752725,niphon
31,lon,-71.236968,-0.098111182,niphon
32,lon,-71.235611,-0.105366003,niphon
33,lon,-71.224499,-0.063472909,niphon
34,lon,-71.021716,-0.063312144,niphon
35,lon,-68.616694,-0.061405718,niphon
36,Temp,1.7,-0.000313178,niphon
37,Temp,5.6,-0.000313178,niphon
38,Temp,5.7,0.001633308,niphon
39,Temp,8.7,-0.074270785,niphon
40,Temp,9.1,-0.144582214,niphon
41,Temp,9.2,-0.154279774,niphon
42,Temp,9.3,-0.178754465,niphon
43,Temp,9.4,-0.038517698,niphon
44,Temp,9.5,-0.027224543,niphon
45,Temp,9.8,0.063166642,niphon
46,Temp,10.7,0.102442108,niphon
47,Temp,11.1,0.083517102,niphon
48,Temp,11.4,0.10645293,niphon
49,Temp,11.5,0.144976402,niphon
50,Temp,11.9,0.15155709,niphon
51,Temp,19.2,0.15155709,niphon
52,Prec,529,0.01875972,niphon
53,Prec,1031,0.01875972,niphon
54,Prec,1054,0.018669016,niphon
55,Prec,1098,-0.001280091,niphon
56,Prec,1121,-0.015536378,niphon
57,Prec,1132,-0.02459423,niphon
58,Prec,1133,-0.02459423,niphon
59,Prec,1136,-0.016890807,niphon
60,Prec,1139,-0.016890807,niphon
61,Prec,1142,-0.016890807,niphon
62,Prec,1143,-0.016511937,niphon
63,Prec,1146,-0.00824303,niphon
64,Prec,1158,-0.00058607,niphon
65,Prec,1172,0.059021495,niphon
66,Prec,1178,0.01778173,niphon
67,Prec,1203,0.018623193,niphon
68,Prec,1570,0.018623193,niphon
69,elevation,0,-0.095266712,niphon
70,elevation,6,-0.095266712,niphon
71,elevation,12,-0.087809216,niphon
72,elevation,14,-0.088525276,niphon
73,elevation,18,-0.087899929,niphon
74,elevation,22,-0.086378317,niphon
75,elevation,29,-0.060759546,niphon
76,elevation,38,-0.060618513,niphon
77,elevation,42,0.059226066,niphon
78,elevation,44,0.055650906,niphon
79,elevation,50,0.064165783,niphon
80,elevation,70,0.057422023,niphon
81,elevation,76,0.070998849,niphon
82,elevation,84,0.153106693,niphon
83,elevation,268,0.15692839,niphon
84,elevation,535,0.167459818,niphon
85,elevation,631,0.167459818,niphon
1,lat,32.82923,-0.458649228,tarquinius
2,lat,33.77083,-0.458649228,tarquinius
3,lat,37.22957,-0.425662858,tarquinius
4,lat,37.99957,0.136885082,tarquinius
5,lat,39.74595,0.275876704,tarquinius
6,lat,40.63205,0.130111718,tarquinius
7,lat,40.87121,0.129539727,tarquinius
8,lat,42.10148,0.052240995,tarquinius
9,lat,42.30666,0.126620408,tarquinius
10,lat,42.37649,0.111164807,tarquinius
11,lat,42.51854,0.084511528,tarquinius
12,lat,42.54453,0.111464171,tarquinius
13,lat,42.66262,0.160041141,tarquinius
14,lat,42.7512,0.158308126,tarquinius
15,lat,42.81397,0.149719515,tarquinius
16,lat,43.30916,0.114883228,tarquinius
17,lat,44.0789,0.084984691,tarquinius
18,lat,44.37534,-0.001453169,tarquinius
19,lat,45.15168,-0.238259393,tarquinius
20,lat,46.11667,-0.260749519,tarquinius
21,lat,49.84977,-0.260749519,tarquinius
22,lon,-97.14808,-0.276589061,tarquinius
23,lon,-84.265,-0.276589061,tarquinius
24,lon,-80.89928,-0.154570511,tarquinius
25,lon,-80.41394,-0.040637593,tarquinius
26,lon,-79.83172,0.022872564,tarquinius
27,lon,-75.63898,0.042455303,tarquinius
28,lon,-74.6,-0.118311266,tarquinius
29,lon,-74.47988,-0.109610033,tarquinius
30,lon,-73.75846,-0.218143434,tarquinius
31,lon,-73.71263,-0.232465734,tarquinius
32,lon,-72.60564,-0.219055748,tarquinius
33,lon,-72.5162,-0.205342154,tarquinius
34,lon,-72.18119,-0.018954886,tarquinius
35,lon,-72.01014,0.348624635,tarquinius
36,lon,-72.0098,0.357464931,tarquinius
37,lon,-71.30964,0.364822231,tarquinius
38,lon,-71.30395,0.354365051,tarquinius
39,lon,-71.0996,0.287894138,tarquinius
40,lon,-69.3562,0.236805699,tarquinius
41,lon,-65.76648,0.236805699,tarquinius
42,Temp,-0.4,-0.25033005,tarquinius
43,Temp,4.2,-0.25033005,tarquinius
44,Temp,5,-0.235927915,tarquinius
45,Temp,6.1,-0.209903666,tarquinius
46,Temp,6.8,-0.05025681,tarquinius
47,Temp,7.2,-0.078038631,tarquinius
48,Temp,8,-0.032729089,tarquinius
49,Temp,8.1,-0.038918659,tarquinius
50,Temp,8.4,-0.024251911,tarquinius
51,Temp,9.1,0.055168389,tarquinius
52,Temp,9.2,0.050969994,tarquinius
53,Temp,9.6,0.036013152,tarquinius
54,Temp,9.7,0.265758349,tarquinius
55,Temp,10.3,0.256093922,tarquinius
56,Temp,11.3,0.186220903,tarquinius
57,Temp,11.9,0.176163513,tarquinius
58,Temp,12.4,0.213873406,tarquinius
59,Temp,15.7,0.188382625,tarquinius
60,Temp,18.5,0.188382625,tarquinius
61,Prec,518,0.040532776,tarquinius
62,Prec,947,0.040532776,tarquinius
63,Prec,987,0.030103101,tarquinius
64,Prec,999,0.018557284,tarquinius
65,Prec,1020,-0.017217889,tarquinius
66,Prec,1073,0.023592872,tarquinius
67,Prec,1087,-0.00136637,tarquinius
68,Prec,1096,0.028061514,tarquinius
69,Prec,1107,-0.01067257,tarquinius
70,Prec,1118,0.030838143,tarquinius
71,Prec,1133,0.052902927,tarquinius
72,Prec,1135,0.053507998,tarquinius
73,Prec,1146,0.019851725,tarquinius
74,Prec,1181,-0.06218742,tarquinius
75,Prec,1186,-0.063270598,tarquinius
76,Prec,1237,-0.099207502,tarquinius
77,Prec,1318,-0.100939874,tarquinius
78,Prec,1884,-0.100939874,tarquinius
79,elevation,7,-0.035465233,tarquinius
80,elevation,13,-0.035465233,tarquinius
81,elevation,22,-0.007787469,tarquinius
82,elevation,39,0.015484374,tarquinius
83,elevation,51,0.011238254,tarquinius
84,elevation,76,0.028290246,tarquinius
85,elevation,99,-0.028317166,tarquinius
86,elevation,142,-0.05482306,tarquinius
87,elevation,184,-0.050893567,tarquinius
88,elevation,198,-0.073278791,tarquinius
89,elevation,206,-0.046266071,tarquinius
90,elevation,233,-0.024617532,tarquinius
91,elevation,239,0.038644246,tarquinius
92,elevation,298,0.044014732,tarquinius
93,elevation,325,0.056359149,tarquinius
94,elevation,403,0.059751397,tarquinius
95,elevation,517,0.012352474,tarquinius
96,elevation,631,0.001929677,tarquinius
97,elevation,1899,0.001929677,tarquinius
1,lat,32.672858,-0.486384931,lygdamus
2,lat,34.486398,-0.377981534,lygdamus
3,lat,36.436148,-0.382367501,lygdamus
4,lat,37.213544,-0.435294019,lygdamus
5,lat,37.604933,-0.193229565,lygdamus
6,lat,38.381299,-0.084303594,lygdamus
7,lat,38.767222,-0.053279951,lygdamus
8,lat,38.937556,0.030544682,lygdamus
9,lat,39.465386,-0.038036819,lygdamus
10,lat,41.4897279,-0.011388044,lygdamus
11,lat,42.529199,-0.019972315,lygdamus
12,lat,43.5593582,0.120394695,lygdamus
13,lat,45.2023855,0.102628141,lygdamus
14,lat,45.360062,0.091066204,lygdamus
15,lat,46.1,0.251176586,lygdamus
16,lat,46.63159,0.257763718,lygdamus
17,lat,47.97499,0.252286777,lygdamus
18,lat,49.06972,0.293214236,lygdamus
19,lat,49.2141515,0.273482963,lygdamus
20,lat,49.781666,0.194182618,lygdamus
21,lat,56.216667,0.093029854,lygdamus
22,lon,-125.83333,0.327737029,lygdamus
23,lon,-123.56454,0.180769215,lygdamus
24,lon,-122.57971,0.156493882,lygdamus
25,lon,-122.11889,0.216578099,lygdamus
26,lon,-121.71205,0.232150081,lygdamus
27,lon,-121.07689,0.374066251,lygdamus
28,lon,-120.67334,0.403836885,lygdamus
29,lon,-119.85739,0.410418897,lygdamus
30,lon,-118.38762,0.323016002,lygdamus
31,lon,-117.2414,0.38778792,lygdamus
32,lon,-114.079,0.342237515,lygdamus
33,lon,-110.92904,-0.238217442,lygdamus
34,lon,-98.813876,-0.415411089,lygdamus
35,lon,-87.301613,-0.423683152,lygdamus
36,lon,-86.310105,-0.406478585,lygdamus
37,lon,-85.720605,-0.404874088,lygdamus
38,lon,-81.01774,-0.330594237,lygdamus
39,lon,-77.208591,-0.294431905,lygdamus
40,lon,-68.650864,-0.264056757,lygdamus
41,lon,-66.366667,-0.276834607,lygdamus
42,lon,-60.166667,-0.283263671,lygdamus
43,Temp,-3,-0.143346918,lygdamus
44,Temp,0.5,-0.114712945,lygdamus
45,Temp,1.9,-0.166808827,lygdamus
46,Temp,2.6,-0.136061746,lygdamus
47,Temp,4.5,-0.154454189,lygdamus
48,Temp,5.3,-0.187354407,lygdamus
49,Temp,5.8,-0.221315517,lygdamus
50,Temp,7.2,0.029782173,lygdamus
51,Temp,7.5,0.137563138,lygdamus
52,Temp,8.5,-0.118402577,lygdamus
53,Temp,9.2,-0.081082604,lygdamus
54,Temp,9.6,-0.036235701,lygdamus
55,Temp,9.7,-0.01504251,lygdamus
56,Temp,11.5,-0.011253953,lygdamus
57,Temp,12.4,-0.102539626,lygdamus
58,Temp,12.9,0.087415832,lygdamus
59,Temp,14,0.174469334,lygdamus
60,Temp,14.5,0.293945453,lygdamus
61,Temp,15,0.287734023,lygdamus
62,Temp,16,0.268015939,lygdamus
63,Temp,18.7,0.231730801,lygdamus
64,Prec,119,0.329679779,lygdamus
65,Prec,260,-0.040021879,lygdamus
66,Prec,322,-0.036114967,lygdamus
67,Prec,390,-0.038102892,lygdamus
68,Prec,463,-0.045825817,lygdamus
69,Prec,515,-0.067798673,lygdamus
70,Prec,565,-0.013530009,lygdamus
71,Prec,656,-0.056859995,lygdamus
72,Prec,699,-0.009246964,lygdamus
73,Prec,807,0.143822063,lygdamus
74,Prec,863,0.191897182,lygdamus
75,Prec,918,0.176476071,lygdamus
76,Prec,954,0.019318565,lygdamus
77,Prec,957,-0.028665557,lygdamus
78,Prec,1020,-0.055250192,lygdamus
79,Prec,1055,-0.042132118,lygdamus
80,Prec,1097,-0.009527042,lygdamus
81,Prec,1197,0.016978888,lygdamus
82,Prec,1256,-0.140851766,lygdamus
83,Prec,1441,-0.18638076,lygdamus
84,Prec,2278,-0.175240233,lygdamus
85,elevation,3,-0.291043511,lygdamus
86,elevation,27,-0.307768607,lygdamus
87,elevation,53,-0.074244937,lygdamus
88,elevation,108,-0.130666546,lygdamus
89,elevation,112,-0.08700058,lygdamus
90,elevation,126,-0.091635956,lygdamus
91,elevation,201,-0.081360134,lygdamus
92,elevation,222,-0.009057794,lygdamus
93,elevation,258,0.048464458,lygdamus
94,elevation,273,0.094199316,lygdamus
95,elevation,322,0.068094149,lygdamus
96,elevation,359,0.008501325,lygdamus
97,elevation,400,0.0477407,lygdamus
98,elevation,591,0.081103426,lygdamus
99,elevation,802,0.130888196,lygdamus
100,elevation,913,0.134393697,lygdamus
101,elevation,1157,0.141735549,lygdamus
102,elevation,1400,0.124559828,lygdamus
103,elevation,2168,0.137334486,lygdamus
104,elevation,4402,0.136968437,lygdamus
1,lat,34.04916,-0.05629338,piasus
2,lat,34.28861,-0.05629338,piasus
3,lat,34.34007,-0.044250853,piasus
4,lat,38.77551,0.048807698,piasus
5,lat,39.20771,0.037613031,piasus
6,lat,41.40932,0.050773164,piasus
7,lat,43.6135,0.055715873,piasus
8,lat,44.46039,0.0570181,piasus
9,lat,46.02078,0.055867911,piasus
10,lat,49.66667,0.055867911,piasus
11,lon,-125.83333,0.228999853,piasus
12,lon,-121.64117,0.228999853,piasus
13,lon,-119.85739,0.214380718,piasus
14,lon,-118.22674,0.081889014,piasus
15,lon,-118.14211,0.062155876,piasus
16,lon,-117.83695,0.05429358,piasus
17,lon,-117.09731,-0.215209748,piasus
18,lon,-116.20345,-0.200877529,piasus
19,lon,-115.78762,-0.216466471,piasus
20,lon,-111.64783,-0.233731648,piasus
21,lon,-110.13408,-0.280427119,piasus
22,lon,-105.55615,-0.280427119,piasus
23,Temp,-2.1,-0.103088512,piasus
24,Temp,3.5,-0.103088512,piasus
25,Temp,4.5,-0.103088512,piasus
26,Temp,5.1,-0.047038912,piasus
27,Temp,7.4,-0.032049115,piasus
28,Temp,8.8,0.050230254,piasus
29,Temp,10.5,0.055772465,piasus
30,Temp,11.7,0.036626688,piasus
31,Temp,14.2,-0.004861957,piasus
32,Temp,14.6,-0.004861957,piasus
33,Temp,18.3,-0.004861957,piasus
34,Prec,256,-0.105580092,piasus
35,Prec,260,-0.105580092,piasus
36,Prec,286,-0.103950476,piasus
37,Prec,327,-0.103428684,piasus
38,Prec,356,-0.102314079,piasus
39,Prec,395,-0.050090943,piasus
40,Prec,496,-0.049174037,piasus
41,Prec,536,-0.019846159,piasus
42,Prec,545,0.002440133,piasus
43,Prec,717,0.031412308,piasus
44,Prec,805,0.423753041,piasus
45,Prec,1012,0.423753041,piasus
46,Prec,2152,0.423753041,piasus
47,elevation,96,0.0582739,piasus
48,elevation,393,0.0582739,piasus
49,elevation,581,0.056477598,piasus
50,elevation,834,-0.015340981,piasus
51,elevation,1157,-0.015415928,piasus
52,elevation,1379,-0.051350351,piasus
53,elevation,1683,-0.054698716,piasus
54,elevation,1906,-0.114088914,piasus
55,elevation,2169,-0.105427681,piasus
56,elevation,2352,-0.104722535,piasus
57,elevation,4285,-0.104722535,piasus
1,lat,33.738872,0.484602923,edwardsii
2,lat,38.322073,0.484602923,edwardsii
3,lat,40.74521,0.264950993,edwardsii
4,lat,40.805099,0.210945751,edwardsii
5,lat,40.817598,0.155328519,edwardsii
6,lat,41.020375,0.165584174,edwardsii
7,lat,41.283456,0.183346708,edwardsii
8,lat,41.308153,0.192571899,edwardsii
9,lat,41.380963,0.208719919,edwardsii
10,lat,41.480379,0.074586502,edwardsii
11,lat,41.703142,-0.132086425,edwardsii
12,lat,41.716423,-0.201120531,edwardsii
13,lat,42.167852,-0.200854932,edwardsii
14,lat,42.263988,-0.290082238,edwardsii
15,lat,42.373251,-0.246095995,edwardsii
16,lat,42.652579,-0.176129569,edwardsii
17,lat,43.208137,-0.177457336,edwardsii
18,lat,43.482013,-0.281078121,edwardsii
19,lat,49.975,-0.281078121,edwardsii
20,lon,-105.26723,0.194653959,edwardsii
21,lon,-93.263836,0.194653959,edwardsii
22,lon,-85.503682,0.149785392,edwardsii
23,lon,-76.496607,0.017573943,edwardsii
24,lon,-74.310706,0.0106776,edwardsii
25,lon,-73.656228,-0.082075838,edwardsii
26,lon,-73.399794,-0.078252755,edwardsii
27,lon,-73.000107,-0.080638914,edwardsii
28,lon,-72.928158,-0.066503703,edwardsii
29,lon,-72.760934,-0.039356571,edwardsii
30,lon,-72.605645,-0.035144807,edwardsii
31,lon,-71.682844,-0.015605242,edwardsii
32,lon,-71.52256,-0.004275124,edwardsii
33,lon,-71.298572,-0.023502975,edwardsii
34,lon,-71.209221,-0.086475185,edwardsii
35,lon,-70.646967,0.008844133,edwardsii
36,lon,-70.09946,0.014989592,edwardsii
37,lon,-70.068985,0.014916047,edwardsii
38,lon,-70.060058,0.014916047,edwardsii
39,Temp,1.8,0.013580554,edwardsii
40,Temp,7.5,0.013580554,edwardsii
41,Temp,7.6,0.012877121,edwardsii
42,Temp,8.2,0.039160625,edwardsii
43,Temp,8.5,0.012674313,edwardsii
44,Temp,8.8,0.008356962,edwardsii
45,Temp,9.1,0.016135183,edwardsii
46,Temp,9.5,-0.014202041,edwardsii
47,Temp,9.7,-0.019511911,edwardsii
48,Temp,9.8,-0.033698799,edwardsii
49,Temp,9.9,-0.069493596,edwardsii
50,Temp,10.4,-0.032496105,edwardsii
51,Temp,10.9,-0.028993187,edwardsii
52,Temp,11,-0.03061009,edwardsii
53,Temp,12.6,0.111213337,edwardsii
54,Temp,15.8,0.111213337,edwardsii
55,Prec,519,0.079135322,edwardsii
56,Prec,815,0.079135322,edwardsii
57,Prec,955,0.084888476,edwardsii
58,Prec,982,0.042721906,edwardsii
59,Prec,1004,0.08533461,edwardsii
60,Prec,1095,0.084893157,edwardsii
61,Prec,1125,0.078028887,edwardsii
62,Prec,1128,0.068191007,edwardsii
63,Prec,1133,0.030041251,edwardsii
64,Prec,1142,-0.02641018,edwardsii
65,Prec,1146,-0.146257486,edwardsii
66,Prec,1164,-0.135602786,edwardsii
67,Prec,1165,-0.135680821,edwardsii
68,Prec,1181,-0.09862883,edwardsii
69,Prec,1187,-0.109973119,edwardsii
70,Prec,1208,-0.12800048,edwardsii
71,Prec,1327,-0.12800048,edwardsii
72,elevation,3,0.107856929,edwardsii
73,elevation,11,0.107856929,edwardsii
74,elevation,18,-0.043649156,edwardsii
75,elevation,20,-0.034463725,edwardsii
76,elevation,22,-0.025984681,edwardsii
77,elevation,28,0.002036676,edwardsii
78,elevation,29,0.014619679,edwardsii
79,elevation,51,0.03097458,edwardsii
80,elevation,83,0.047023608,edwardsii
81,elevation,87,0.048866367,edwardsii
82,elevation,100,-0.05547055,edwardsii
83,elevation,112,-0.096356224,edwardsii
84,elevation,137,-0.091425226,edwardsii
85,elevation,184,-0.10406244,edwardsii
86,elevation,240,-0.091339455,edwardsii
87,elevation,312,-0.078612568,edwardsii
88,elevation,3341,-0.078612568,edwardsii
